site_type,charging_experience_v1,charging_experience_v2,charging_experience_v4,charging_experience_v5,site_size_v1,site_size_v2,energy_v1,site_size_v3,congestion_v1,site_size_v4,economics_v1,energy_v2,energy_v3,congestion_v2,economics_v2,energy_v4,congestion_v3,congestion_v4,utilization_v1,utilization_v2,utilization_v3,charging_experience_v7,congestion_v5,charging_experience_v6,energy_v5,energy_v6,economics_v3,economics_v4,economics_v5,charging_experience_v8,congestion_v6,charging_experience_v3,site_size_v5
a,1.0248351029601035,0.2521838803088798,117.78323680823675,67.88414977477461,7.9916201117318435,80466.3018018018,7498.137931001196,76212.15908013277,9.640714741544352,94.46714686799567,0.27799340934660377,10.387279557389816,17.775851450971185,3.224874505074723,1315.554416419383,0.14739245796241357,1.5867065735331627,15.76929672544369,205.26875753920385,13.254693528520407,80761.45879252515,10466.299912154564,4.985641352903637,45.63677203989709,78117.6657773466,7498.137931001196,151.34779286926994,255.81835289186864,108.93012446351914,14.00306965433483,45.311423101467774,64.79798503860992,55.56344827586207
b,6.40511111111111,0.1015555555555555,122.58977777777773,44.02933333333333,8.27878787878788,85011.90967741936,14294.819513333325,76560.45161290323,37.286764705882355,89.26336836742873,0.2880773733333333,17.253814827970505,30.46723827647913,6.56254407077286,2033.4152380952376,0.13386597959183671,4.31305091911039,23.600344908948962,407.6066666666667,24.916966536209667,85237.1447368421,20824.08048245614,28.191176470588236,48.620777777777796,84049.92,14294.819513333321,267.51824324324326,429.44853333333333,174.8209859154929,25.80276075938329,103.86764705882354,68.57066666666664,87.81818181818181
c,0.7119370642547571,0.13823252308272097,111.64248162803844,94.5616073110984,5.440258342303552,54831.78801331853,1817.877383963863,53554.21809100999,1.0926243567753002,97.73914903348557,0.2666515618729094,3.7216151090837015,6.584835487811469,1.098032311766393,330.4906916764361,0.13971957327080897,0.3527959397611695,7.417939217054741,43.727837380011294,4.243738720081009,55032.43294379521,2357.9071322574678,0.44768439108061747,48.51315244017344,47975.770140845074,1817.8773839638627,48.03112288135593,87.69816973415143,43.09960554371006,4.547486869873063,6.660377358490566,69.3198511400038,37.91467576791809
